{
  "Sharpe": -0.5015580759642883,
  "FinalEquity": 8.14844420974475e-09
}