{
  "Sharpe": 2.0810912417885183,
  "FinalEquity": 598.8391717595811
}