{
  "CAGR": -0.9969559943038746,
  "Sharpe": -0.5015580761060453,
  "MaxDD": -0.9999999999980195,
  "WinRate": 0.43703703703703706,
  "FinalEquity": 8.148444190254106e-09
}