{
  "Sharpe_WF": 0.9586642574329102,
  "FinalEquity_WF": 4.3608807264159815
}