{
  "epoch": [
    1,
    2,
    3,
    4,
    5,
    6,
    7,
    8,
    9,
    10,
    11,
    12,
    13,
    14,
    15,
    16,
    17,
    18,
    19,
    20,
    21,
    22,
    23,
    24,
    25,
    26,
    27,
    28,
    29,
    30
  ],
  "train_loss": [
    0.6872057317712976,
    0.6761569671474945,
    0.6729157107402584,
    0.6684184701631115,
    0.6611025666346018,
    0.6495615879261526,
    0.637544101720285,
    0.6201799483974882,
    0.6114259411268728,
    0.5991850869207356,
    0.585683202337504,
    0.5730280257700574,
    0.5623633954765361,
    0.5490295239300429,
    0.5462446863872154,
    0.5258581821697609,
    0.5244447505116787,
    0.5018976028024014,
    0.5194929906392942,
    0.5020914416547042,
    0.5008440062850308,
    0.48329619266681517,
    0.472096122756641,
    0.4676339722946489,
    0.4529953159655797,
    0.4594285805316322,
    0.4452946402396428,
    0.43764582229245264,
    0.4504101668456595,
    0.4282058008685099
  ],
  "val_loss": [
    0.6822928977601322,
    0.6867183558734846,
    0.6983260917074886,
    0.7132057343000248,
    0.7591417732062163,
    0.8172270050755254,
    0.8243136295565853,
    0.8252461181746589,
    0.8228102876816267,
    0.8420025356021928,
    0.8541470114095712,
    0.8903320315443439,
    0.9250458627571294,
    0.9283933256879265,
    0.9891879246558672,
    0.9667270161487438,
    1.0138200754000817,
    1.0626876276216388,
    1.0126370950981423,
    1.0564243809676466,
    0.971830549063506,
    1.1476549272184018,
    1.1499007332472153,
    1.1612206510555596,
    1.206861364988633,
    1.0949701447545745,
    1.2334587822725744,
    1.2731251058755098,
    1.004415347988223,
    1.3522129323747423
  ],
  "train_acc": [
    0.5504087193460491,
    0.5825613079019074,
    0.5847411444141689,
    0.6005449591280654,
    0.6119891008174387,
    0.6239782016348774,
    0.6348773841961853,
    0.6512261580381471,
    0.6637602179836513,
    0.6615803814713896,
    0.688283378746594,
    0.7008174386920981,
    0.7079019073569482,
    0.7166212534059946,
    0.7220708446866485,
    0.7373297002724796,
    0.7438692098092643,
    0.7580381471389646,
    0.7340599455040872,
    0.7514986376021798,
    0.7607629427792916,
    0.7629427792915532,
    0.7716621253405994,
    0.7825613079019074,
    0.7901907356948229,
    0.7776566757493188,
    0.7907356948228883,
    0.8005449591280654,
    0.7798365122615804,
    0.7912806539509537
  ],
  "val_acc": [
    0.5876543209876544,
    0.5259259259259259,
    0.49506172839506174,
    0.4839506172839506,
    0.4283950617283951,
    0.4123456790123457,
    0.4308641975308642,
    0.42962962962962964,
    0.46296296296296297,
    0.4765432098765432,
    0.4567901234567901,
    0.47901234567901235,
    0.4580246913580247,
    0.4728395061728395,
    0.45185185185185184,
    0.48641975308641977,
    0.4888888888888889,
    0.48148148148148145,
    0.4506172839506173,
    0.4679012345679012,
    0.48641975308641977,
    0.44074074074074077,
    0.4419753086419753,
    0.4469135802469136,
    0.44938271604938274,
    0.4666666666666667,
    0.4469135802469136,
    0.4641975308641975,
    0.49506172839506174,
    0.445679012345679
  ]
}