{
  "epoch": [
    1,
    2,
    3,
    4,
    5,
    6,
    7,
    8,
    9,
    10,
    11,
    12,
    13,
    14,
    15,
    16,
    17,
    18,
    19,
    20,
    21,
    22,
    23,
    24,
    25,
    26,
    27,
    28,
    29,
    30
  ],
  "train_loss": [
    0.6916229116494389,
    0.683786463120328,
    0.6737847935276395,
    0.6696937042296095,
    0.6605548368812582,
    0.651042093535535,
    0.6478230693359791,
    0.6386095648240653,
    0.6258376903040208,
    0.6207032720464452,
    0.606416931496654,
    0.5982817987005458,
    0.5764081849714066,
    0.5779334563650292,
    0.5626385954485278,
    0.5477332577718376,
    0.5384516090723085,
    0.5288337600978259,
    0.5111611661371808,
    0.5060177048155657,
    0.4953659742664576,
    0.4948254732085184,
    0.48291111395209624,
    0.4790529887098058,
    0.48232985065808415,
    0.4813828523217495,
    0.4696801300432117,
    0.46087831086618697,
    0.45248558071393735,
    0.4509638646967729
  ],
  "val_loss": [
    0.6961108680124636,
    0.7043593338978144,
    0.7179825498733992,
    0.7326201279958089,
    0.7380054104475328,
    0.7628244941617236,
    0.7606259607974394,
    0.7776635256814368,
    0.7848055554024967,
    0.7807145302678332,
    0.8125737512553179,
    0.8077544527289308,
    0.8291975929413313,
    0.875202398682818,
    0.8890907112463021,
    0.9074391379768466,
    0.9374901669996756,
    0.9610506093060529,
    0.9718577536535852,
    0.9290928450631507,
    0.9559582926608898,
    0.9948120365908116,
    1.0010244017765846,
    0.9773783461547192,
    0.9894492636492223,
    1.0218085770253782,
    1.0313541737603553,
    1.0737094421445588,
    1.0931180229893438,
    1.1426629591871191
  ],
  "train_acc": [
    0.5226158038147138,
    0.5520435967302453,
    0.5613079019073569,
    0.5662125340599455,
    0.5809264305177112,
    0.5885558583106267,
    0.6092643051771117,
    0.6163487738419619,
    0.6201634877384197,
    0.6310626702997275,
    0.6348773841961853,
    0.6555858310626703,
    0.6784741144414169,
    0.6681198910081744,
    0.6822888283378746,
    0.6931880108991826,
    0.6991825613079019,
    0.7029972752043597,
    0.7166212534059946,
    0.7166212534059946,
    0.7193460490463215,
    0.7286103542234332,
    0.7329700272479565,
    0.732425068119891,
    0.7302452316076294,
    0.7416893732970027,
    0.7487738419618528,
    0.7460490463215259,
    0.7574931880108992,
    0.755858310626703
  ],
  "val_acc": [
    0.49876543209876545,
    0.4703703703703704,
    0.45185185185185184,
    0.4641975308641975,
    0.4654320987654321,
    0.4703703703703704,
    0.4740740740740741,
    0.47530864197530864,
    0.4654320987654321,
    0.45925925925925926,
    0.445679012345679,
    0.4506172839506173,
    0.4382716049382716,
    0.44074074074074077,
    0.4419753086419753,
    0.4444444444444444,
    0.4382716049382716,
    0.44320987654320987,
    0.4444444444444444,
    0.454320987654321,
    0.45185185185185184,
    0.445679012345679,
    0.43580246913580245,
    0.4469135802469136,
    0.44074074074074077,
    0.44320987654320987,
    0.4382716049382716,
    0.4506172839506173,
    0.4345679012345679,
    0.44320987654320987
  ]
}