{
  "epoch": [
    1,
    2,
    3,
    4,
    5,
    6,
    7,
    8,
    9,
    10,
    11,
    12,
    13,
    14,
    15,
    16,
    17,
    18,
    19,
    20,
    21,
    22,
    23,
    24,
    25,
    26,
    27,
    28,
    29,
    30
  ],
  "train_loss": [
    0.6853494561985338,
    0.6775713557443437,
    0.6770574359867814,
    0.672958989786517,
    0.6676300906355439,
    0.664098976158641,
    0.6586687098731787,
    0.6494086345145098,
    0.6346355866671258,
    0.6217255007018835,
    0.6064323193045987,
    0.5888073958882843,
    0.5780830010081507,
    0.5733403348143159,
    0.550852622648026,
    0.5424583271998475,
    0.5287201298192671,
    0.5218152560720002,
    0.5309137566862704,
    0.5364330377825599,
    0.5013625882302059,
    0.49427255627569777,
    0.48149459657617094,
    0.4679406878084188,
    0.45766693710956,
    0.4494430356681834,
    0.44087660078781504,
    0.4310955566021662,
    0.4322523946170911,
    0.4100575396410451
  ],
  "val_loss": [
    0.6967384575325766,
    0.7138421709154859,
    0.7065372346360006,
    0.7252047194374932,
    0.7385266424697122,
    0.7512357302653937,
    0.7655104545899379,
    0.7870146047921829,
    0.8467883848849638,
    0.8802222625708874,
    0.8755633254110077,
    0.9600209818945991,
    0.9526459646813663,
    1.0348713250807773,
    1.042624569233553,
    1.0797149999642077,
    1.0823162102404935,
    1.0744084617237986,
    1.031785144334958,
    1.0024480413507533,
    1.0673871758543414,
    1.1168641216960955,
    1.1471696653483827,
    1.1678909325305327,
    1.2367394859408154,
    1.2297933984685827,
    1.267552512369038,
    1.2530340247684055,
    1.2795096791820761,
    1.298168765174018
  ],
  "train_acc": [
    0.5629427792915531,
    0.5749318801089919,
    0.5831062670299727,
    0.5852861035422343,
    0.5929155313351498,
    0.5940054495912807,
    0.5994550408719346,
    0.6076294277929155,
    0.6326975476839237,
    0.6370572207084468,
    0.6544959128065395,
    0.6942779291553134,
    0.691008174386921,
    0.6850136239782016,
    0.7182561307901907,
    0.7182561307901907,
    0.7226158038147139,
    0.7220708446866485,
    0.7340599455040872,
    0.7313351498637602,
    0.750408719346049,
    0.7596730245231608,
    0.7580381471389646,
    0.776566757493188,
    0.7825613079019074,
    0.7831062670299728,
    0.7891008174386921,
    0.7967302452316076,
    0.8010899182561307,
    0.8185286103542234
  ],
  "val_acc": [
    0.5481481481481482,
    0.5407407407407407,
    0.5469135802469136,
    0.5444444444444444,
    0.554320987654321,
    0.5555555555555556,
    0.5358024691358024,
    0.5234567901234568,
    0.46296296296296297,
    0.5024691358024691,
    0.5135802469135803,
    0.5098765432098765,
    0.5074074074074074,
    0.5074074074074074,
    0.48641975308641977,
    0.49506172839506174,
    0.5135802469135803,
    0.5049382716049383,
    0.5049382716049383,
    0.49382716049382713,
    0.49753086419753084,
    0.49876543209876545,
    0.5,
    0.5012345679012346,
    0.49753086419753084,
    0.49135802469135803,
    0.5074074074074074,
    0.519753086419753,
    0.5012345679012346,
    0.4888888888888889
  ]
}