{
  "epoch": [
    1,
    2,
    3,
    4,
    5,
    6,
    7,
    8,
    9,
    10,
    11,
    12,
    13,
    14,
    15,
    16,
    17,
    18,
    19,
    20,
    21,
    22,
    23,
    24,
    25,
    26,
    27,
    28,
    29,
    30
  ],
  "train_loss": [
    0.6928845897488211,
    0.6849077186365237,
    0.6784536941298123,
    0.6731895694787475,
    0.6652847384584362,
    0.658170617859939,
    0.6472228587358847,
    0.6390093414262793,
    0.6279099885074572,
    0.6159620853676193,
    0.6026268430139826,
    0.5854095905676655,
    0.5690391276074552,
    0.5633030115872965,
    0.5529027916919226,
    0.5508934088136958,
    0.5383747727021404,
    0.5410262154436659,
    0.5340020978587797,
    0.5256094668788471,
    0.5231535671086147,
    0.5188391194946465,
    0.5085797734644221,
    0.49821836578434914,
    0.4961625454069554,
    0.4868904314507013,
    0.48299859447040777,
    0.47781026979972574,
    0.47041829358572246,
    0.4578231854000311
  ],
  "val_loss": [
    0.7040679828620251,
    0.7148011964044453,
    0.72676991754108,
    0.7406734699084435,
    0.7579694462411197,
    0.7798682159847683,
    0.8056162912168621,
    0.8383223017056783,
    0.8794381933447756,
    0.9315596025667073,
    0.9954318645559711,
    1.0721098219906842,
    1.1393642758145743,
    1.1705007760613053,
    1.1881615737338125,
    1.2054887175559998,
    1.2132796727580788,
    1.2220668143696256,
    1.2369694883440747,
    1.2697450433248354,
    1.308680847397557,
    1.3585768963083809,
    1.409444405120096,
    1.4549138949241167,
    1.502758021707888,
    1.5367856405399465,
    1.5696390986442565,
    1.6135875088197214,
    1.6618578520821936,
    1.7051247554060853
  ],
  "train_acc": [
    0.47126436781609193,
    0.5689655172413793,
    0.5747126436781609,
    0.5977011494252874,
    0.6379310344827587,
    0.6609195402298851,
    0.6954022988505747,
    0.7068965517241379,
    0.7298850574712644,
    0.7413793103448276,
    0.735632183908046,
    0.735632183908046,
    0.7471264367816092,
    0.735632183908046,
    0.7471264367816092,
    0.7586206896551724,
    0.7586206896551724,
    0.7586206896551724,
    0.7701149425287356,
    0.7586206896551724,
    0.764367816091954,
    0.764367816091954,
    0.764367816091954,
    0.7701149425287356,
    0.7701149425287356,
    0.7701149425287356,
    0.764367816091954,
    0.7758620689655172,
    0.7758620689655172,
    0.7816091954022989
  ],
  "val_acc": [
    0.4283950617283951,
    0.4049382716049383,
    0.4148148148148148,
    0.4074074074074074,
    0.4123456790123457,
    0.4123456790123457,
    0.4123456790123457,
    0.4123456790123457,
    0.4123456790123457,
    0.4123456790123457,
    0.4123456790123457,
    0.4123456790123457,
    0.4123456790123457,
    0.4123456790123457,
    0.4123456790123457,
    0.4123456790123457,
    0.4123456790123457,
    0.4123456790123457,
    0.4123456790123457,
    0.4123456790123457,
    0.4123456790123457,
    0.4123456790123457,
    0.4123456790123457,
    0.4123456790123457,
    0.4123456790123457,
    0.4123456790123457,
    0.4123456790123457,
    0.4123456790123457,
    0.4123456790123457,
    0.4123456790123457
  ]
}