{
  "epoch": [
    1,
    2,
    3,
    4,
    5,
    6,
    7,
    8,
    9,
    10,
    11,
    12,
    13,
    14,
    15,
    16,
    17,
    18,
    19,
    20,
    21,
    22,
    23,
    24,
    25,
    26,
    27,
    28,
    29,
    30
  ],
  "train_loss": [
    0.690723458985637,
    0.6754742379475357,
    0.663239218059339,
    0.6583104055626948,
    0.6509511906401555,
    0.645504703736843,
    0.6358460982043044,
    0.6292044358145922,
    0.6232722458086516,
    0.6155131319411715,
    0.608305593451163,
    0.6004903506515618,
    0.5896227495114607,
    0.5796849663992574,
    0.5664884338701578,
    0.5524582703310744,
    0.5383089644568307,
    0.5200585316894646,
    0.512519656760352,
    0.49914308235161287,
    0.47638088016581714,
    0.4717568824165746,
    0.4500434968704568,
    0.4522157849225783,
    0.45684633555268883,
    0.428110583966836,
    0.4325709407490895,
    0.42649813428857275,
    0.4008023184044917,
    0.39020390734636695
  ],
  "val_loss": [
    0.7158689289917181,
    0.740601944334713,
    0.7769211373211425,
    0.8430419989574103,
    0.9152949552477142,
    1.037202928537204,
    1.1422934134801228,
    1.2105695081345829,
    1.2672893006124615,
    1.3562375963470081,
    1.3108857800931106,
    1.4267103048018468,
    1.498406625971382,
    1.4888464291890462,
    1.6043156977053041,
    1.5521133346322142,
    1.6045686418627516,
    1.635061025030819,
    1.7487606342927908,
    1.7280485794868,
    1.7913520418567421,
    1.844394651165715,
    1.8564201093014376,
    1.8747077417962346,
    1.9431905546306092,
    2.0397805287514204,
    2.0336541729208863,
    2.0185211069789935,
    2.2537596190417255,
    2.22392118477527
  ],
  "train_acc": [
    0.5157894736842106,
    0.5804511278195489,
    0.6030075187969924,
    0.6195488721804512,
    0.6451127819548872,
    0.6556390977443609,
    0.6586466165413534,
    0.6345864661654136,
    0.6586466165413534,
    0.6511278195488722,
    0.6676691729323309,
    0.6661654135338346,
    0.6586466165413534,
    0.6932330827067669,
    0.6917293233082706,
    0.6962406015037594,
    0.724812030075188,
    0.7263157894736842,
    0.7218045112781954,
    0.7368421052631579,
    0.7699248120300752,
    0.7789473684210526,
    0.7969924812030075,
    0.7924812030075188,
    0.7774436090225564,
    0.8105263157894737,
    0.806015037593985,
    0.8135338345864662,
    0.837593984962406,
    0.8270676691729323
  ],
  "val_acc": [
    0.44074074074074077,
    0.43703703703703706,
    0.45925925925925926,
    0.4617283950617284,
    0.4691358024691358,
    0.4654320987654321,
    0.46296296296296297,
    0.4617283950617284,
    0.45925925925925926,
    0.4617283950617284,
    0.4691358024691358,
    0.4679012345679012,
    0.4679012345679012,
    0.4666666666666667,
    0.4666666666666667,
    0.4666666666666667,
    0.4666666666666667,
    0.4654320987654321,
    0.46296296296296297,
    0.4691358024691358,
    0.4666666666666667,
    0.47160493827160493,
    0.47530864197530864,
    0.47530864197530864,
    0.4703703703703704,
    0.4654320987654321,
    0.4777777777777778,
    0.48148148148148145,
    0.4666666666666667,
    0.47901234567901235
  ]
}