{
  "epoch": [
    1,
    2,
    3,
    4,
    5,
    6,
    7,
    8,
    9,
    10,
    11,
    12,
    13,
    14,
    15,
    16,
    17,
    18,
    19,
    20,
    21,
    22,
    23,
    24,
    25,
    26,
    27,
    28,
    29,
    30
  ],
  "train_loss": [
    0.693088828315527,
    0.686399419496105,
    0.6826188059853598,
    0.6792486261931687,
    0.673523358785489,
    0.6629426252289754,
    0.655646988903794,
    0.6448496982252241,
    0.6380328176781657,
    0.6237328290289689,
    0.612887620146333,
    0.5967574142305337,
    0.5920218357273278,
    0.5906427577665782,
    0.5867217362739084,
    0.5624147600958718,
    0.5436158718140314,
    0.5279511642878322,
    0.5211216826692264,
    0.5163711453491076,
    0.500181062994601,
    0.48798354730943894,
    0.4631717368270136,
    0.4596923169550519,
    0.454408932511748,
    0.44257581034213384,
    0.4243944810424254,
    0.44179336582932227,
    0.4156279945081196,
    0.39946139659478813
  ],
  "val_loss": [
    0.6922281895154788,
    0.6904417080643737,
    0.6892121051564629,
    0.6874355344124782,
    0.6920758066353975,
    0.6918243933607031,
    0.7131015274259779,
    0.7084549811151293,
    0.7219425604667192,
    0.7535699201218876,
    0.7579782399130456,
    0.7871608279369495,
    0.7813437280831513,
    0.802131817958973,
    0.8094074639273279,
    0.8381486227482925,
    0.9163394701333694,
    0.8840752314638208,
    0.8899407770898607,
    0.919551717351984,
    1.005693527062734,
    0.9993596252099968,
    1.094995281578582,
    1.0204662646776363,
    1.0801992631252901,
    1.1142453368799186,
    0.9756229513957176,
    1.1496341702378827,
    1.1310118149828028,
    1.1641131230342536
  ],
  "train_acc": [
    0.5062670299727521,
    0.5471389645776567,
    0.5547683923705722,
    0.555858310626703,
    0.568392370572207,
    0.5912806539509536,
    0.5885558583106267,
    0.6032697547683924,
    0.6098092643051771,
    0.6316076294277929,
    0.6517711171662125,
    0.6534059945504087,
    0.6681198910081744,
    0.6752043596730245,
    0.6615803814713896,
    0.7013623978201635,
    0.7100817438692099,
    0.714441416893733,
    0.7307901907356948,
    0.7226158038147139,
    0.750408719346049,
    0.7514986376021798,
    0.7678474114441417,
    0.7618528610354224,
    0.7803814713896458,
    0.7869209809264305,
    0.7983651226158038,
    0.7907356948228883,
    0.8016348773841961,
    0.8098092643051771
  ],
  "val_acc": [
    0.49382716049382713,
    0.5111111111111111,
    0.5320987654320988,
    0.5469135802469136,
    0.5308641975308642,
    0.5049382716049383,
    0.5061728395061729,
    0.528395061728395,
    0.5111111111111111,
    0.5098765432098765,
    0.49382716049382713,
    0.5074074074074074,
    0.5,
    0.4901234567901235,
    0.4962962962962963,
    0.4777777777777778,
    0.4925925925925926,
    0.48518518518518516,
    0.4901234567901235,
    0.48518518518518516,
    0.4691358024691358,
    0.4703703703703704,
    0.45308641975308644,
    0.4802469135802469,
    0.47160493827160493,
    0.47160493827160493,
    0.49382716049382713,
    0.4765432098765432,
    0.4962962962962963,
    0.4839506172839506
  ]
}