{
  "epoch": [
    1,
    2,
    3,
    4,
    5,
    6,
    7,
    8,
    9,
    10,
    11,
    12,
    13,
    14,
    15,
    16,
    17,
    18,
    19,
    20,
    21,
    22,
    23,
    24,
    25,
    26,
    27,
    28,
    29,
    30
  ],
  "train_loss": [
    0.6875709347658916,
    0.6824673936028794,
    0.678956033078032,
    0.6751773663870604,
    0.667316122822283,
    0.6586114494858316,
    0.6512169146620278,
    0.6449849646396703,
    0.6304467369115889,
    0.6271233543392696,
    0.6166000044882092,
    0.6025382744812223,
    0.5969156506977279,
    0.5826649854339943,
    0.5663846119877376,
    0.5494086570393255,
    0.5316799073277048,
    0.5252001396100001,
    0.5081002404739288,
    0.5172346844805153,
    0.47353041312273814,
    0.47362955858138195,
    0.45709140997856956,
    0.44563161844200744,
    0.43898715168547053,
    0.4339780904017518,
    0.4352937563892879,
    0.41422834326239194,
    0.3983671115550203,
    0.3981101043084089
  ],
  "val_loss": [
    0.7107197708553739,
    0.7251972735663991,
    0.7149648944536845,
    0.7285997611505014,
    0.7479269592850296,
    0.8541866716043449,
    0.932022671787827,
    0.8758321088037373,
    0.9661499042569855,
    0.9337902640119011,
    1.034986968540851,
    1.1829041567849525,
    1.044031039432243,
    1.2155834371660963,
    0.9458543490480493,
    1.2833936357203826,
    1.3697810493869547,
    1.3050431516435412,
    1.4929067720601588,
    1.3313696278466118,
    1.5088745252585705,
    1.4676581797776398,
    1.490569582691899,
    1.5921240079550096,
    1.5156433997330843,
    1.4569372391995088,
    1.5836245210082442,
    1.6251061042149861,
    1.5494759085737628,
    1.5822558647320595
  ],
  "train_acc": [
    0.528719723183391,
    0.554325259515571,
    0.5557093425605536,
    0.5647058823529412,
    0.572318339100346,
    0.5833910034602076,
    0.611764705882353,
    0.6228373702422145,
    0.6442906574394464,
    0.6588235294117647,
    0.6664359861591695,
    0.6899653979238755,
    0.6844290657439447,
    0.701038062283737,
    0.7301038062283737,
    0.7314878892733564,
    0.7418685121107267,
    0.7550173010380623,
    0.7633217993079585,
    0.7529411764705882,
    0.7792387543252595,
    0.784083044982699,
    0.7951557093425605,
    0.8034602076124567,
    0.8076124567474049,
    0.8076124567474049,
    0.8034602076124567,
    0.8145328719723184,
    0.8179930795847751,
    0.8269896193771626
  ],
  "val_acc": [
    0.44074074074074077,
    0.4419753086419753,
    0.4382716049382716,
    0.42962962962962964,
    0.44074074074074077,
    0.445679012345679,
    0.44320987654320987,
    0.4666666666666667,
    0.4901234567901235,
    0.4641975308641975,
    0.4765432098765432,
    0.4444444444444444,
    0.47160493827160493,
    0.4728395061728395,
    0.5111111111111111,
    0.44938271604938274,
    0.4580246913580247,
    0.454320987654321,
    0.4679012345679012,
    0.47901234567901235,
    0.4691358024691358,
    0.4641975308641975,
    0.4641975308641975,
    0.4580246913580247,
    0.4444444444444444,
    0.4666666666666667,
    0.45555555555555555,
    0.45308641975308644,
    0.48641975308641977,
    0.5
  ]
}