{
  "epoch": [
    1,
    2,
    3,
    4,
    5,
    6,
    7,
    8,
    9,
    10,
    11,
    12,
    13,
    14,
    15,
    16,
    17,
    18,
    19,
    20,
    21,
    22,
    23,
    24,
    25,
    26,
    27,
    28,
    29,
    30
  ],
  "train_loss": [
    0.6917856234620637,
    0.6868088596523295,
    0.6842251421645162,
    0.681183699268736,
    0.6743213674028173,
    0.6669973402971793,
    0.6482662828481814,
    0.6454340012911555,
    0.6364534132811939,
    0.6242327275977797,
    0.6114957937427697,
    0.6026856026142754,
    0.5936720340063526,
    0.5895260588349699,
    0.5766659336778708,
    0.5699805803130044,
    0.5507288065853171,
    0.5432153382158409,
    0.5305856974962947,
    0.5138718810328345,
    0.5215557985149872,
    0.5126862735936687,
    0.4847740682496687,
    0.4712625236862037,
    0.4542586562581543,
    0.44723869464702765,
    0.45632269237931483,
    0.4321994864648304,
    0.4296039633757412,
    0.4097018726840006
  ],
  "val_loss": [
    0.6945282869868808,
    0.6969694789545036,
    0.6959418813387553,
    0.6966517642692284,
    0.703669465912713,
    0.7111008923730733,
    0.7299919921674846,
    0.7453643697279471,
    0.7354377906999471,
    0.7738465253217721,
    0.7978041915245998,
    0.8235349262202227,
    0.8278236352367165,
    0.9003273784378428,
    0.8282828119066027,
    0.8270553602112665,
    0.8407048422613261,
    0.9533715939816133,
    0.908353125018838,
    1.0115854316287571,
    0.9429689058551082,
    0.9550968820666089,
    0.9511486377245114,
    1.0047357712262943,
    1.1583958510999326,
    1.0739884691473878,
    1.1655072936305293,
    1.0664336351700772,
    1.149231258733773,
    1.1304025814857013
  ],
  "train_acc": [
    0.5237057220708446,
    0.5640326975476839,
    0.5580381471389646,
    0.5640326975476839,
    0.5749318801089919,
    0.5814713896457766,
    0.6032697547683924,
    0.6054495912806539,
    0.615258855585831,
    0.6365122615803814,
    0.6348773841961853,
    0.6599455040871934,
    0.6713896457765668,
    0.6768392370572207,
    0.6888283378746594,
    0.6920980926430518,
    0.7068119891008174,
    0.7160762942779292,
    0.7280653950953678,
    0.7389645776566758,
    0.7340599455040872,
    0.7422343324250681,
    0.7542234332425068,
    0.7662125340599455,
    0.779291553133515,
    0.7716621253405994,
    0.7743869209809264,
    0.7858310626702997,
    0.7912806539509537,
    0.8049046321525886
  ],
  "val_acc": [
    0.49382716049382713,
    0.4925925925925926,
    0.4777777777777778,
    0.5135802469135803,
    0.5,
    0.508641975308642,
    0.5160493827160494,
    0.5333333333333333,
    0.5209876543209877,
    0.49753086419753084,
    0.5345679012345679,
    0.49506172839506174,
    0.49753086419753084,
    0.49382716049382713,
    0.5234567901234568,
    0.5160493827160494,
    0.5308641975308642,
    0.5037037037037037,
    0.5493827160493827,
    0.5135802469135803,
    0.5567901234567901,
    0.5456790123456791,
    0.5382716049382716,
    0.5370370370370371,
    0.5333333333333333,
    0.5370370370370371,
    0.5209876543209877,
    0.5604938271604938,
    0.5456790123456791,
    0.5259259259259259
  ]
}