{
  "epoch": [
    1,
    2,
    3,
    4,
    5,
    6,
    7,
    8,
    9,
    10,
    11,
    12,
    13,
    14,
    15,
    16,
    17,
    18,
    19,
    20,
    21,
    22,
    23,
    24,
    25,
    26,
    27,
    28,
    29,
    30
  ],
  "train_loss": [
    0.6919936553334021,
    0.6879666258918492,
    0.6835159660684965,
    0.6775486009647151,
    0.6690375740586575,
    0.6591853693980287,
    0.6540999304046423,
    0.6419622911094645,
    0.6346453337968208,
    0.6213388490092202,
    0.6038973364583153,
    0.5960127618072468,
    0.5857231756646887,
    0.5593531835306568,
    0.5463903033116209,
    0.5373295515207244,
    0.527868348148928,
    0.5081852700145109,
    0.508346738542458,
    0.4987912725362856,
    0.4746306004901023,
    0.46511455040211896,
    0.4509884919717461,
    0.46430385359626375,
    0.4436521027653354,
    0.42961028172794413,
    0.4221508688432969,
    0.40087190231445374,
    0.3912383089923079,
    0.3790412518406434
  ],
  "val_loss": [
    0.6890326704507993,
    0.6859769525351348,
    0.6849147622967944,
    0.6856680307859256,
    0.6926614665690763,
    0.7056446372726817,
    0.714930373503838,
    0.7151940753430496,
    0.7092083361413744,
    0.7390732675422856,
    0.7623267395996753,
    0.7601271134835702,
    0.7998305517950176,
    0.824993751814336,
    0.8189276528947147,
    0.8408179012345679,
    0.8839362259264345,
    0.8843984439049238,
    0.9291116099298736,
    0.9445827064690766,
    0.9713703488126213,
    0.9753666074187667,
    1.0037802940533485,
    0.9771822345109633,
    1.023946245805717,
    1.0716021371476445,
    1.0705432132438377,
    1.0893127882922138,
    1.1381396779307613,
    1.216329347940139
  ],
  "train_acc": [
    0.5291553133514987,
    0.5340599455040872,
    0.5629427792915531,
    0.5782016348773842,
    0.5940054495912807,
    0.6098092643051771,
    0.6174386920980927,
    0.6321525885558583,
    0.6326975476839237,
    0.6566757493188011,
    0.6648501362397821,
    0.6762942779291553,
    0.6915531335149864,
    0.714441416893733,
    0.7182561307901907,
    0.7253405994550409,
    0.7340599455040872,
    0.7547683923705722,
    0.7498637602179836,
    0.7520435967302452,
    0.776566757493188,
    0.7683923705722071,
    0.7782016348773841,
    0.7776566757493188,
    0.7934604904632152,
    0.8016348773841961,
    0.8038147138964578,
    0.8152588555858311,
    0.828882833787466,
    0.8332425068119891
  ],
  "val_acc": [
    0.5456790123456791,
    0.5530864197530864,
    0.5530864197530864,
    0.5456790123456791,
    0.5333333333333333,
    0.5209876543209877,
    0.5012345679012346,
    0.5,
    0.5111111111111111,
    0.4901234567901235,
    0.48641975308641977,
    0.4765432098765432,
    0.47901234567901235,
    0.4654320987654321,
    0.4679012345679012,
    0.49876543209876545,
    0.4506172839506173,
    0.4802469135802469,
    0.454320987654321,
    0.47530864197530864,
    0.4691358024691358,
    0.4839506172839506,
    0.49382716049382713,
    0.5024691358024691,
    0.5037037037037037,
    0.4901234567901235,
    0.49876543209876545,
    0.5160493827160494,
    0.5135802469135803,
    0.4901234567901235
  ]
}