{
  "epoch": [
    1,
    2,
    3,
    4,
    5,
    6,
    7,
    8,
    9,
    10,
    11,
    12,
    13,
    14,
    15,
    16,
    17,
    18,
    19,
    20,
    21,
    22,
    23,
    24,
    25,
    26,
    27,
    28,
    29,
    30
  ],
  "train_loss": [
    0.6887273381776315,
    0.6825352381295664,
    0.6776727305121253,
    0.6733131246605751,
    0.6694031129416068,
    0.660860246533594,
    0.6534418489692646,
    0.6446829193944178,
    0.6341750229736764,
    0.6314579119474426,
    0.6229845285090828,
    0.6247031066008419,
    0.6052352865970102,
    0.5862452783766494,
    0.5729209091747814,
    0.5684065025411444,
    0.5663394257223249,
    0.5656773597408056,
    0.5489846884554673,
    0.5531706487775174,
    0.5396274882051535,
    0.5250273075188213,
    0.5057998776435852,
    0.4928850877837199,
    0.4914579900473925,
    0.4742660689743728,
    0.47204710097338914,
    0.4604219394093963,
    0.4429732117081208,
    0.4358088276041951
  ],
  "val_loss": [
    0.6885099605277732,
    0.6896647080963041,
    0.6932034055391948,
    0.6943593235663426,
    0.6996224360701478,
    0.7059908601972792,
    0.7073861540099721,
    0.7548587893262322,
    0.7543552981482612,
    0.727132064913526,
    0.7714500824610392,
    0.7676397254437576,
    0.7813542928224728,
    0.8031881882820601,
    0.7876194067943243,
    0.8263707799676024,
    0.8087081385247501,
    0.8034743874161332,
    0.8242016565652541,
    0.8933214355398107,
    0.8658815363307059,
    0.8629767694591004,
    0.8727860530217488,
    0.9086069263057944,
    0.9429430019708327,
    0.9629554571928801,
    0.9716953504232713,
    1.0602041359300967,
    1.1245221382305945,
    1.0950028481306853
  ],
  "train_acc": [
    0.5378746594005449,
    0.5525885558583107,
    0.5716621253405995,
    0.5869209809264305,
    0.5874659400544959,
    0.602724795640327,
    0.6179836512261581,
    0.6326975476839237,
    0.6435967302452316,
    0.6523160762942779,
    0.6604904632152588,
    0.6550408719346049,
    0.6752043596730245,
    0.6839237057220708,
    0.7057220708446866,
    0.7100817438692099,
    0.7040871934604904,
    0.6942779291553134,
    0.7138964577656676,
    0.7188010899182561,
    0.7204359673024523,
    0.7231607629427793,
    0.7444141689373297,
    0.753133514986376,
    0.7476839237057221,
    0.7640326975476839,
    0.7656675749318801,
    0.7716621253405994,
    0.7880108991825613,
    0.802724795640327
  ],
  "val_acc": [
    0.5456790123456791,
    0.5209876543209877,
    0.5012345679012346,
    0.49506172839506174,
    0.4876543209876543,
    0.5024691358024691,
    0.5123456790123457,
    0.49135802469135803,
    0.4839506172839506,
    0.5061728395061729,
    0.47901234567901235,
    0.4925925925925926,
    0.508641975308642,
    0.48518518518518516,
    0.5037037037037037,
    0.49135802469135803,
    0.5049382716049383,
    0.5172839506172839,
    0.5172839506172839,
    0.5234567901234568,
    0.5246913580246914,
    0.5296296296296297,
    0.5481481481481482,
    0.5419753086419753,
    0.5432098765432098,
    0.5308641975308642,
    0.5432098765432098,
    0.5148148148148148,
    0.48641975308641977,
    0.5123456790123457
  ]
}