{
  "epoch": [
    1,
    2,
    3,
    4,
    5,
    6,
    7,
    8,
    9,
    10,
    11,
    12,
    13,
    14,
    15,
    16,
    17,
    18,
    19,
    20,
    21,
    22,
    23,
    24,
    25,
    26,
    27,
    28,
    29,
    30
  ],
  "train_loss": [
    0.6864697177338666,
    0.6808864644177928,
    0.6789339177290166,
    0.67438222478456,
    0.6701617918807089,
    0.6654120609610866,
    0.6614191424294453,
    0.6541066987313107,
    0.6427229947225275,
    0.6323248778117125,
    0.616717292599847,
    0.6090902360973306,
    0.592135705902401,
    0.5993519030409873,
    0.5679729310303357,
    0.55153273577911,
    0.5348469143180171,
    0.5088641555497692,
    0.5059244199409797,
    0.4880234729691487,
    0.448235450664723,
    0.4444536329452608,
    0.4356291999284188,
    0.43402892557411815,
    0.3988860384807275,
    0.40608789173718696,
    0.40410940892365066,
    0.37427668638060463,
    0.3556781205721707,
    0.3544321175167281
  ],
  "val_loss": [
    0.7033085821587363,
    0.7024495505992278,
    0.6955859432985754,
    0.7012642245233794,
    0.7119349207407163,
    0.7176541697831802,
    0.7613936602333445,
    0.7491377191779054,
    0.8153602832629356,
    0.8215587442303881,
    0.8636627106019008,
    0.9166313353879952,
    1.0023628455621225,
    0.9766142536092688,
    0.880751434078923,
    1.002261851452015,
    0.9385843759701575,
    1.0167463885413275,
    1.0785627738929089,
    1.088943146187582,
    1.2080036831490788,
    1.3499644285366859,
    1.263113687067856,
    1.3716291983922322,
    1.4096603835070576,
    1.630551975156054,
    1.3394766162942957,
    1.5230154994093341,
    1.5805957755924742,
    1.5703344000710382
  ],
  "train_acc": [
    0.5422343324250681,
    0.5678474114441416,
    0.5743869209809265,
    0.5825613079019074,
    0.5967302452316077,
    0.6,
    0.5994550408719346,
    0.6076294277929155,
    0.6337874659400545,
    0.6365122615803814,
    0.659400544959128,
    0.6724795640326976,
    0.6811989100817438,
    0.6839237057220708,
    0.7057220708446866,
    0.7182561307901907,
    0.7329700272479565,
    0.7542234332425068,
    0.7645776566757493,
    0.7727520435967302,
    0.8098092643051771,
    0.7863760217983651,
    0.805449591280654,
    0.805449591280654,
    0.8316076294277929,
    0.8299727520435968,
    0.8201634877384196,
    0.8392370572207084,
    0.8550408719346049,
    0.8588555858310627
  ],
  "val_acc": [
    0.4049382716049383,
    0.4641975308641975,
    0.5111111111111111,
    0.4888888888888889,
    0.49135802469135803,
    0.4901234567901235,
    0.47530864197530864,
    0.4839506172839506,
    0.4703703703703704,
    0.5111111111111111,
    0.49382716049382713,
    0.47160493827160493,
    0.4839506172839506,
    0.47530864197530864,
    0.49506172839506174,
    0.4802469135802469,
    0.5172839506172839,
    0.48148148148148145,
    0.4876543209876543,
    0.47530864197530864,
    0.4802469135802469,
    0.4777777777777778,
    0.48518518518518516,
    0.49876543209876545,
    0.48271604938271606,
    0.48148148148148145,
    0.48148148148148145,
    0.48641975308641977,
    0.4641975308641975,
    0.4876543209876543
  ]
}