{
  "epoch": [
    1,
    2,
    3,
    4,
    5,
    6,
    7,
    8,
    9,
    10,
    11,
    12,
    13,
    14,
    15,
    16,
    17,
    18,
    19,
    20,
    21,
    22,
    23,
    24,
    25,
    26,
    27,
    28,
    29,
    30
  ],
  "train_loss": [
    0.6926344250788156,
    0.6833830925359388,
    0.681279298037859,
    0.6796879790784228,
    0.6760898424754026,
    0.6718781790226617,
    0.6639674069771,
    0.6530391356275906,
    0.6420868754386901,
    0.6302644295653466,
    0.6203376187615564,
    0.6053376435259058,
    0.587148454955878,
    0.5724565025571257,
    0.5627063931171511,
    0.5383757262203934,
    0.5427769098522228,
    0.5027828359311542,
    0.5028237633061994,
    0.49891379727329804,
    0.47267469323623407,
    0.4692388689160672,
    0.45313493848171804,
    0.43885120085214724,
    0.41697346014287884,
    0.4016657557409531,
    0.3916013961429492,
    0.39899195918270286,
    0.398695922515048,
    0.41230987286047976
  ],
  "val_loss": [
    0.6936834586991204,
    0.7054252920327363,
    0.7076117809907889,
    0.7076613814742477,
    0.7099684674062846,
    0.706633941921187,
    0.7073921456749057,
    0.7189381533198886,
    0.7382730123437481,
    0.7157199337158674,
    0.753893318441179,
    0.7296239561504788,
    0.7507963527867824,
    0.7800916384767603,
    0.7952870418995986,
    0.854255489213967,
    0.8448905682858125,
    0.8358193061969899,
    0.9460553663748282,
    0.8889751340136116,
    0.9311166691191403,
    0.9196291693934688,
    0.9213915907306436,
    0.9740763443487662,
    0.9874067344783265,
    1.0607129067550471,
    1.1400973908695173,
    1.155926654662615,
    1.0424339005976548,
    1.1168720480836467
  ],
  "train_acc": [
    0.5133514986376022,
    0.5542234332425068,
    0.5596730245231608,
    0.5754768392370572,
    0.5852861035422343,
    0.5841961852861035,
    0.5983651226158038,
    0.6201634877384197,
    0.626158038147139,
    0.6305177111716621,
    0.6457765667574932,
    0.6555858310626703,
    0.6877384196185287,
    0.6953678474114442,
    0.7051771117166212,
    0.7444141689373297,
    0.7209809264305177,
    0.7607629427792916,
    0.7645776566757493,
    0.7651226158038147,
    0.7771117166212534,
    0.7831062670299728,
    0.7923705722070845,
    0.8059945504087194,
    0.8087193460490463,
    0.8196185286103542,
    0.8267029972752044,
    0.8245231607629427,
    0.8158038147138964,
    0.8152588555858311
  ],
  "val_acc": [
    0.5222222222222223,
    0.5185185185185185,
    0.5185185185185185,
    0.5123456790123457,
    0.5160493827160494,
    0.5172839506172839,
    0.519753086419753,
    0.519753086419753,
    0.5246913580246914,
    0.5209876543209877,
    0.519753086419753,
    0.5419753086419753,
    0.5345679012345679,
    0.5209876543209877,
    0.5012345679012346,
    0.5012345679012346,
    0.5135802469135803,
    0.5148148148148148,
    0.5308641975308642,
    0.5098765432098765,
    0.5234567901234568,
    0.5,
    0.5160493827160494,
    0.5234567901234568,
    0.528395061728395,
    0.49506172839506174,
    0.519753086419753,
    0.5259259259259259,
    0.5135802469135803,
    0.49753086419753084
  ]
}