{
  "epoch": [
    1,
    2,
    3,
    4,
    5,
    6,
    7,
    8,
    9,
    10,
    11,
    12,
    13,
    14,
    15,
    16,
    17,
    18,
    19,
    20,
    21,
    22,
    23,
    24,
    25,
    26,
    27,
    28,
    29,
    30
  ],
  "train_loss": [
    0.6863840855759561,
    0.6803064432066208,
    0.6753868347942342,
    0.6696813994272528,
    0.6539004099791317,
    0.6458023429566573,
    0.6291877911915896,
    0.6085843825210343,
    0.588151537430059,
    0.5657408309892348,
    0.5556087007639519,
    0.5282613647731188,
    0.516097234818851,
    0.5005327649922072,
    0.4869400458699676,
    0.4640118808285092,
    0.4615595034909833,
    0.44699585754475085,
    0.4491773650171971,
    0.43332860489307373,
    0.41287341484906565,
    0.4029334120756924,
    0.3950025064743832,
    0.4113265032339486,
    0.3814262126544516,
    0.36801394722767033,
    0.35009836077040485,
    0.3615091907718201,
    0.34810863061724306,
    0.32694589427446474
  ],
  "val_loss": [
    0.7030105982297733,
    0.7067439202909116,
    0.7114286025365194,
    0.7170856799608395,
    0.737163652755596,
    0.7246305870421139,
    0.7500099814968345,
    0.7857272579346174,
    0.8093351056546341,
    0.8506033959212127,
    0.8752432097623377,
    0.9017174633932702,
    1.0105700893166625,
    0.9809082125440056,
    1.0891209575865004,
    1.0655646397743697,
    1.179370480996591,
    1.1763705492019654,
    1.1321119669042987,
    1.1587003937474003,
    1.29240723480413,
    1.2756342867274344,
    1.399815849904661,
    1.285275611171016,
    1.4157029814190334,
    1.408980620643239,
    1.4643437641638297,
    1.476739168755802,
    1.5164493669698267,
    1.563046493942355
  ],
  "train_acc": [
    0.5547683923705722,
    0.5602179836512261,
    0.5651226158038147,
    0.5967302452316077,
    0.6267029972752044,
    0.626158038147139,
    0.6479564032697548,
    0.6599455040871934,
    0.6708446866485014,
    0.6991825613079019,
    0.7160762942779292,
    0.7286103542234332,
    0.7400544959128066,
    0.7509536784741144,
    0.7651226158038147,
    0.7809264305177112,
    0.771117166212534,
    0.7885558583106267,
    0.7841961852861036,
    0.7978201634877384,
    0.8059945504087194,
    0.8098092643051771,
    0.8174386920980926,
    0.8092643051771117,
    0.8316076294277929,
    0.8337874659400545,
    0.8370572207084469,
    0.8435967302452316,
    0.8485013623978201,
    0.8615803814713896
  ],
  "val_acc": [
    0.4691358024691358,
    0.454320987654321,
    0.44938271604938274,
    0.4567901234567901,
    0.4876543209876543,
    0.5012345679012346,
    0.48148148148148145,
    0.47530864197530864,
    0.4876543209876543,
    0.5037037037037037,
    0.5160493827160494,
    0.5074074074074074,
    0.4740740740740741,
    0.49135802469135803,
    0.4703703703703704,
    0.48641975308641977,
    0.4469135802469136,
    0.4617283950617284,
    0.47530864197530864,
    0.4740740740740741,
    0.4654320987654321,
    0.4728395061728395,
    0.4679012345679012,
    0.49135802469135803,
    0.4728395061728395,
    0.4567901234567901,
    0.47901234567901235,
    0.4580246913580247,
    0.45308641975308644,
    0.4580246913580247
  ]
}