{
  "epoch": [
    1,
    2,
    3,
    4,
    5,
    6,
    7,
    8,
    9,
    10,
    11,
    12,
    13,
    14,
    15,
    16,
    17,
    18,
    19,
    20,
    21,
    22,
    23,
    24,
    25,
    26,
    27,
    28,
    29,
    30
  ],
  "train_loss": [
    0.688291971819927,
    0.6812506924533065,
    0.6778532047037857,
    0.6712381239158256,
    0.6664432600018764,
    0.6650338815733262,
    0.6606293581487047,
    0.6527038822381958,
    0.6470999568294764,
    0.6425702467926192,
    0.6407981355443637,
    0.6346077320361332,
    0.6311148228697296,
    0.6245537784508853,
    0.6182957206175178,
    0.610913894189476,
    0.6075219721495293,
    0.6010094110907261,
    0.5878406629575371,
    0.5786095658504995,
    0.578929298222877,
    0.5719500845719423,
    0.5578611144252954,
    0.5433671785310439,
    0.552196774885505,
    0.5277456674978583,
    0.5245993402738337,
    0.5152383244329967,
    0.5094865438074118,
    0.5009610863732382
  ],
  "val_loss": [
    0.7619014569270758,
    0.8119041725441262,
    0.8137070467442642,
    0.8172297954559327,
    0.8340281568927529,
    0.8107659696060934,
    0.8518962559876618,
    0.8499211620401453,
    1.0532164332307414,
    1.0128941282813932,
    0.9066589234787741,
    1.0574521512161066,
    1.059081001634951,
    1.025346976739389,
    1.1018768534248258,
    1.105034907070207,
    1.2221163514219684,
    1.3425053125546302,
    1.2490976957627284,
    1.3965526822172565,
    1.2257128992198425,
    1.4052246028994337,
    1.341008433589229,
    1.4553084155659617,
    1.6732465055253771,
    1.4571092199396205,
    1.5303933714642937,
    1.5406968505294234,
    1.6630829469657238,
    1.7050071233584556
  ],
  "train_acc": [
    0.5367847411444142,
    0.5449591280653951,
    0.555858310626703,
    0.5623978201634877,
    0.5678474114441416,
    0.5656675749318801,
    0.579291553133515,
    0.582016348773842,
    0.5891008174386921,
    0.5923705722070844,
    0.6092643051771117,
    0.602724795640327,
    0.623433242506812,
    0.6283378746594005,
    0.6272479564032698,
    0.6348773841961853,
    0.6354223433242506,
    0.6430517711171662,
    0.6681198910081744,
    0.6692098092643052,
    0.685558583106267,
    0.68283378746594,
    0.6959128065395095,
    0.711716621253406,
    0.6893732970027248,
    0.7155313351498638,
    0.7209809264305177,
    0.7242506811989101,
    0.732425068119891,
    0.7460490463215259
  ],
  "val_acc": [
    0.45185185185185184,
    0.4567901234567901,
    0.45555555555555555,
    0.45185185185185184,
    0.45308641975308644,
    0.4617283950617284,
    0.4444444444444444,
    0.45925925925925926,
    0.4506172839506173,
    0.4604938271604938,
    0.4876543209876543,
    0.4617283950617284,
    0.46296296296296297,
    0.46296296296296297,
    0.454320987654321,
    0.4691358024691358,
    0.4728395061728395,
    0.48148148148148145,
    0.49753086419753084,
    0.49753086419753084,
    0.47530864197530864,
    0.4728395061728395,
    0.4617283950617284,
    0.49876543209876545,
    0.47901234567901235,
    0.48148148148148145,
    0.4876543209876543,
    0.47901234567901235,
    0.4703703703703704,
    0.47901234567901235
  ]
}