{
  "epoch": [
    1,
    2,
    3,
    4,
    5,
    6,
    7,
    8,
    9,
    10,
    11,
    12,
    13,
    14,
    15,
    16,
    17,
    18,
    19,
    20,
    21,
    22,
    23,
    24,
    25,
    26,
    27,
    28,
    29,
    30
  ],
  "train_loss": [
    0.6907273092126976,
    0.6862573279671838,
    0.6830367710999637,
    0.6803449254269821,
    0.6778155879363702,
    0.6721850480305727,
    0.6655355960211897,
    0.6544775425575734,
    0.6467700573339125,
    0.6281335030979291,
    0.6208880599902826,
    0.6096091620603764,
    0.5927933283982549,
    0.5764913203281018,
    0.5635166220833885,
    0.5932346741250165,
    0.5955953076684832,
    0.5561882245443173,
    0.5452191923554651,
    0.5325221039131487,
    0.5212585656779338,
    0.5070168577682744,
    0.5076849532387238,
    0.511034799206809,
    0.4783128607987708,
    0.4755017391667379,
    0.4683867027064435,
    0.4566220702040098,
    0.4470539852936196,
    0.43674795218319595
  ],
  "val_loss": [
    0.689515365788966,
    0.6961023171742757,
    0.698799349790738,
    0.7037230356239979,
    0.7093806468410256,
    0.715121101450037,
    0.7410477379221975,
    0.751948266559177,
    0.7798690576612214,
    0.8175757393424894,
    0.8151876448113241,
    0.859810639899454,
    0.9033312063158294,
    0.8750553812509702,
    0.9352732027018512,
    0.8844629595309128,
    0.8653896024197708,
    0.942383251072448,
    1.0088569446846292,
    0.9720282052770073,
    1.0773140998534214,
    1.1211650692386392,
    1.071171459739591,
    1.0935887427977573,
    1.1702367149753334,
    1.1770896423010178,
    1.2026777264512616,
    1.2802977626706347,
    1.221793082025316,
    1.263510372903612
  ],
  "train_acc": [
    0.5269754768392371,
    0.5302452316076294,
    0.5536784741144414,
    0.5645776566757493,
    0.5673024523160763,
    0.576566757493188,
    0.582016348773842,
    0.5896457765667575,
    0.6136239782016348,
    0.6136239782016348,
    0.6430517711171662,
    0.6326975476839237,
    0.6670299727520436,
    0.6833787465940054,
    0.6975476839237057,
    0.667574931880109,
    0.6779291553133515,
    0.6991825613079019,
    0.7040871934604904,
    0.7198910081743869,
    0.7389645776566758,
    0.735149863760218,
    0.7335149863760217,
    0.7460490463215259,
    0.7547683923705722,
    0.761307901907357,
    0.7683923705722071,
    0.7689373297002725,
    0.7863760217983651,
    0.7934604904632152
  ],
  "val_acc": [
    0.5296296296296297,
    0.5123456790123457,
    0.5,
    0.4666666666666667,
    0.4876543209876543,
    0.43950617283950616,
    0.4222222222222222,
    0.4123456790123457,
    0.42962962962962964,
    0.40617283950617283,
    0.42592592592592593,
    0.43950617283950616,
    0.42592592592592593,
    0.45308641975308644,
    0.4580246913580247,
    0.5012345679012346,
    0.45308641975308644,
    0.454320987654321,
    0.4679012345679012,
    0.47901234567901235,
    0.4679012345679012,
    0.4876543209876543,
    0.48518518518518516,
    0.4839506172839506,
    0.48641975308641977,
    0.49135802469135803,
    0.4962962962962963,
    0.5,
    0.49506172839506174,
    0.4876543209876543
  ]
}