{
  "epoch": [
    1,
    2,
    3,
    4,
    5,
    6,
    7,
    8,
    9,
    10,
    11,
    12,
    13,
    14,
    15,
    16,
    17,
    18,
    19,
    20,
    21,
    22,
    23,
    24,
    25,
    26,
    27,
    28,
    29,
    30
  ],
  "train_loss": [
    0.6923118288376752,
    0.6796819252126357,
    0.6642558448454913,
    0.6542634252940908,
    0.6476397048725802,
    0.6391209292411805,
    0.6298102429333855,
    0.6193193647440742,
    0.6149232306199915,
    0.6041713219530442,
    0.5893890061097986,
    0.579602257083444,
    0.5681033924046685,
    0.562607416826136,
    0.5734198345857509,
    0.5675062472680036,
    0.5658900405378903,
    0.5578338087306303,
    0.5483532682587119,
    0.5318579452178057,
    0.5264009399975047,
    0.5146168685660643,
    0.4977295361546909,
    0.49000766431584075,
    0.4815179345187019,
    0.469147231017842,
    0.45994300695026624,
    0.44965040852041804,
    0.4428418127228232,
    0.4388456709945903
  ],
  "val_loss": [
    0.703586197193758,
    0.7071399077957059,
    0.7121424583741176,
    0.7245953836558777,
    0.7370802657103833,
    0.7318165867416947,
    0.7314900663163927,
    0.7380270080801882,
    0.7453968358628544,
    0.7616939821361024,
    0.7800686406500545,
    0.7981143209669325,
    0.8431062094959212,
    0.7814672730587147,
    0.7694116907355226,
    0.7923348197230586,
    0.8159100375057738,
    0.8436944751091945,
    0.8539889953754566,
    0.8623831897606085,
    0.8908861155863161,
    0.910795866560053,
    0.9294388993286792,
    0.9536932770116829,
    0.9794778754681717,
    1.005779167752207,
    1.0402784671312497,
    1.0765788499219917,
    1.126225651635064,
    1.1602942790514157
  ],
  "train_acc": [
    0.49411764705882355,
    0.5670588235294117,
    0.5929411764705882,
    0.5788235294117647,
    0.5670588235294117,
    0.5694117647058824,
    0.5858823529411765,
    0.6047058823529412,
    0.6070588235294118,
    0.6211764705882353,
    0.6447058823529411,
    0.6729411764705883,
    0.7152941176470589,
    0.7223529411764706,
    0.6964705882352941,
    0.6847058823529412,
    0.6894117647058824,
    0.6941176470588235,
    0.7129411764705882,
    0.7176470588235294,
    0.7270588235294118,
    0.7529411764705882,
    0.7741176470588236,
    0.7623529411764706,
    0.7670588235294118,
    0.7670588235294118,
    0.7858823529411765,
    0.7858823529411765,
    0.8,
    0.7788235294117647
  ],
  "val_acc": [
    0.4679012345679012,
    0.4641975308641975,
    0.48148148148148145,
    0.4925925925925926,
    0.49506172839506174,
    0.49753086419753084,
    0.5,
    0.5074074074074074,
    0.49506172839506174,
    0.5012345679012346,
    0.5172839506172839,
    0.5135802469135803,
    0.5234567901234568,
    0.5172839506172839,
    0.5160493827160494,
    0.5012345679012346,
    0.49135802469135803,
    0.4876543209876543,
    0.4740740740740741,
    0.47530864197530864,
    0.4802469135802469,
    0.48641975308641977,
    0.49753086419753084,
    0.49876543209876545,
    0.5246913580246914,
    0.5222222222222223,
    0.5296296296296297,
    0.5271604938271605,
    0.5296296296296297,
    0.5234567901234568
  ]
}