{
  "epoch": [
    1,
    2,
    3,
    4,
    5,
    6,
    7,
    8,
    9,
    10,
    11,
    12,
    13,
    14,
    15,
    16,
    17,
    18,
    19,
    20,
    21,
    22,
    23,
    24,
    25,
    26,
    27,
    28,
    29,
    30
  ],
  "train_loss": [
    0.6898913059666376,
    0.6853593829151159,
    0.6836337036045191,
    0.6808362503185095,
    0.6782632929666065,
    0.6747070637428649,
    0.6729564472298806,
    0.665840171942222,
    0.6549786572926213,
    0.6477554310336412,
    0.6392818001234103,
    0.6274606045013102,
    0.6070575583155717,
    0.5844264943177468,
    0.5823102055313425,
    0.5726529443152893,
    0.5549100533465094,
    0.5324518473424543,
    0.5147185299431436,
    0.5264425753515347,
    0.4866830600244545,
    0.48305224408004954,
    0.4604063536054126,
    0.45275791832673723,
    0.4529603252636291,
    0.43820371402405234,
    0.41802874532901496,
    0.4401430901135014,
    0.41170747441235933,
    0.3980808462426761
  ],
  "val_loss": [
    0.6989645197067732,
    0.7007091865127469,
    0.7026893773196656,
    0.7028644252706457,
    0.7064503284148228,
    0.7117127985130122,
    0.7136331739249053,
    0.7246866670655615,
    0.7376745032675472,
    0.7837475160021841,
    0.7570865489818431,
    0.8044862548510233,
    0.8604707311700892,
    0.8710048348815352,
    0.8998437522370138,
    0.9306715570850137,
    0.955977980737333,
    0.9174805315924279,
    0.9851495623588562,
    0.9665838528562475,
    1.075560341646642,
    1.1107092459996541,
    1.1541667858759561,
    1.0955727756759266,
    1.11274630199244,
    1.1906332778341977,
    1.2019890988314594,
    1.2783245107273997,
    1.335842243241675,
    1.5064761971249991
  ],
  "train_acc": [
    0.5319573901464714,
    0.5572569906790945,
    0.5552596537949401,
    0.5659121171770972,
    0.5699067909454061,
    0.5832223701731025,
    0.5672436750998668,
    0.5898801597869507,
    0.5998668442077231,
    0.6145139813581891,
    0.6218375499334221,
    0.6304926764314248,
    0.6611185086551264,
    0.6850865512649801,
    0.6984021304926764,
    0.6957390146471372,
    0.711051930758988,
    0.725699067909454,
    0.7490013315579228,
    0.725699067909454,
    0.7616511318242344,
    0.7663115845539281,
    0.7882822902796272,
    0.7896138482023968,
    0.7736351531291611,
    0.8015978695073236,
    0.8155792276964048,
    0.7829560585885486,
    0.8142476697736352,
    0.8135818908122503
  ],
  "val_acc": [
    0.49382716049382713,
    0.48641975308641977,
    0.49135802469135803,
    0.4876543209876543,
    0.4876543209876543,
    0.48641975308641977,
    0.47160493827160493,
    0.4691358024691358,
    0.49506172839506174,
    0.4802469135802469,
    0.49135802469135803,
    0.5,
    0.49753086419753084,
    0.48271604938271606,
    0.48518518518518516,
    0.4888888888888889,
    0.4901234567901235,
    0.4901234567901235,
    0.49753086419753084,
    0.5037037037037037,
    0.5024691358024691,
    0.48271604938271606,
    0.49753086419753084,
    0.49753086419753084,
    0.5,
    0.49506172839506174,
    0.4802469135802469,
    0.4802469135802469,
    0.47901234567901235,
    0.48641975308641977
  ]
}