{
  "epoch": [
    1,
    2,
    3,
    4,
    5,
    6,
    7,
    8,
    9,
    10,
    11,
    12,
    13,
    14,
    15,
    16,
    17,
    18,
    19,
    20,
    21,
    22,
    23,
    24,
    25,
    26,
    27,
    28,
    29,
    30
  ],
  "train_loss": [
    0.6950679189177885,
    0.6886184594611706,
    0.681341525449415,
    0.6717881793547067,
    0.6571619117942104,
    0.6451458231629728,
    0.6349538813170036,
    0.6238032207502007,
    0.606997684919217,
    0.5950149166161748,
    0.5870767797371347,
    0.5742921578137037,
    0.5503918279743975,
    0.5522796341443906,
    0.5338185309064486,
    0.5397098849190028,
    0.5267404933716361,
    0.5206926257149075,
    0.5035110604860478,
    0.491792365137173,
    0.4774893039253817,
    0.46252801518998937,
    0.47187530896969,
    0.4710536917483774,
    0.46095753576839976,
    0.4416429325897622,
    0.439566235288937,
    0.47552694407081086,
    0.43833250815926844,
    0.4274965354142462
  ],
  "val_loss": [
    0.7035621086756388,
    0.6990136719044344,
    0.7197897841900955,
    0.7615675424352104,
    0.8151442651395444,
    0.8437068091498481,
    0.8444819029466606,
    0.8942935309292358,
    0.9801204114784429,
    1.026305791772442,
    1.0646729592923765,
    1.088049723483898,
    1.1521140445897609,
    1.2326594900201868,
    1.350029190381368,
    1.3279132575164607,
    1.2484166555934482,
    1.3099116802215576,
    1.2677297446462843,
    1.3142559309064605,
    1.2897743394345413,
    1.390156168555036,
    1.2016913222677914,
    1.1529399280194883,
    1.144837169882692,
    1.3176537201728349,
    1.2450359866942888,
    1.3381022619612424,
    1.2550058631249417,
    1.435184975023623
  ],
  "train_acc": [
    0.4768392370572207,
    0.5504087193460491,
    0.5569482288828338,
    0.5825613079019074,
    0.6087193460490463,
    0.6239782016348774,
    0.644141689373297,
    0.6637602179836513,
    0.6839237057220708,
    0.6899182561307902,
    0.6942779291553134,
    0.6959128065395095,
    0.7313351498637602,
    0.7193460490463215,
    0.7460490463215259,
    0.7318801089918257,
    0.7465940054495913,
    0.7569482288828338,
    0.7623978201634878,
    0.7694822888283379,
    0.7863760217983651,
    0.7956403269754768,
    0.784741144414169,
    0.7836512261580382,
    0.7901907356948229,
    0.808174386920981,
    0.8070844686648502,
    0.7863760217983651,
    0.805449591280654,
    0.8152588555858311
  ],
  "val_acc": [
    0.4444444444444444,
    0.4777777777777778,
    0.4666666666666667,
    0.47160493827160493,
    0.4666666666666667,
    0.4654320987654321,
    0.4654320987654321,
    0.47530864197530864,
    0.4654320987654321,
    0.47530864197530864,
    0.4580246913580247,
    0.45555555555555555,
    0.44814814814814813,
    0.44814814814814813,
    0.44938271604938274,
    0.4567901234567901,
    0.45925925925925926,
    0.45185185185185184,
    0.454320987654321,
    0.4567901234567901,
    0.4691358024691358,
    0.4617283950617284,
    0.4666666666666667,
    0.4901234567901235,
    0.47160493827160493,
    0.5012345679012346,
    0.4740740740740741,
    0.46296296296296297,
    0.4777777777777778,
    0.4567901234567901
  ]
}