{
  "epoch": [
    1,
    2,
    3,
    4,
    5,
    6,
    7,
    8,
    9,
    10,
    11,
    12,
    13,
    14,
    15,
    16,
    17,
    18,
    19,
    20,
    21,
    22,
    23,
    24,
    25,
    26,
    27,
    28,
    29,
    30
  ],
  "train_loss": [
    0.6927588829654614,
    0.6831590941822493,
    0.6768329051552611,
    0.6729643323654945,
    0.6698026112349875,
    0.6640611048622018,
    0.6616566943485588,
    0.6577726818333748,
    0.6503019502679389,
    0.6427698920671593,
    0.6300594215930746,
    0.610854690789469,
    0.5939119734113224,
    0.5766913993422285,
    0.5602922157470126,
    0.5318010612128397,
    0.5140900394329332,
    0.5046897787014879,
    0.48315643353349025,
    0.4722642744684078,
    0.4546955482542338,
    0.45385985116222843,
    0.4403613873865201,
    0.428522457797025,
    0.4215262274006354,
    0.4222140046007909,
    0.4059334121401303,
    0.40455756413830496,
    0.38640331178461407,
    0.39554109983698904
  ],
  "val_loss": [
    0.6963140696655085,
    0.694160051551866,
    0.6974331277388114,
    0.7057346017272385,
    0.7160800861723629,
    0.7202888356314765,
    0.7261999043417565,
    0.7386147159117239,
    0.7657217963242237,
    0.8093837549656997,
    0.8555182281835579,
    0.8875400300379153,
    0.8892904681923949,
    0.9288673603976214,
    1.0777043021755455,
    0.9717979048505242,
    0.9646535799827105,
    1.0837965572321857,
    1.0709192683667312,
    1.1573122945832617,
    1.2630985040723541,
    1.2586969256401062,
    1.1899857833061689,
    1.2164569716394684,
    1.364321814790184,
    1.2333516571256848,
    1.3174419613532078,
    1.3448209899443166,
    1.2296558565563627,
    1.2858512554639652
  ],
  "train_acc": [
    0.516320474777448,
    0.5727002967359051,
    0.5727002967359051,
    0.5637982195845698,
    0.56973293768546,
    0.5667655786350149,
    0.5756676557863502,
    0.5816023738872403,
    0.5756676557863502,
    0.5875370919881305,
    0.6231454005934718,
    0.6468842729970327,
    0.6795252225519288,
    0.7151335311572701,
    0.7032640949554896,
    0.7329376854599406,
    0.7833827893175074,
    0.7685459940652819,
    0.7922848664688428,
    0.8041543026706232,
    0.827893175074184,
    0.8219584569732937,
    0.827893175074184,
    0.8516320474777448,
    0.8545994065281899,
    0.8338278931750742,
    0.8456973293768546,
    0.8397626112759644,
    0.8456973293768546,
    0.857566765578635
  ],
  "val_acc": [
    0.5271604938271605,
    0.5259259259259259,
    0.5345679012345679,
    0.5358024691358024,
    0.5358024691358024,
    0.5333333333333333,
    0.5370370370370371,
    0.5432098765432098,
    0.5456790123456791,
    0.5432098765432098,
    0.5259259259259259,
    0.519753086419753,
    0.5172839506172839,
    0.5160493827160494,
    0.5172839506172839,
    0.5123456790123457,
    0.5296296296296297,
    0.528395061728395,
    0.5308641975308642,
    0.5234567901234568,
    0.5185185185185185,
    0.5074074074074074,
    0.508641975308642,
    0.5123456790123457,
    0.5172839506172839,
    0.5135802469135803,
    0.5024691358024691,
    0.4901234567901235,
    0.4901234567901235,
    0.49135802469135803
  ]
}