{
  "epoch": [
    1,
    2,
    3,
    4,
    5,
    6,
    7,
    8,
    9,
    10,
    11,
    12,
    13,
    14,
    15,
    16,
    17,
    18,
    19,
    20,
    21,
    22,
    23,
    24,
    25,
    26,
    27,
    28,
    29,
    30
  ],
  "train_loss": [
    0.6929660093556957,
    0.6910832084492052,
    0.68817195148494,
    0.6873158899574904,
    0.6830770493528174,
    0.6747479495950226,
    0.6654917913171836,
    0.6525333561754356,
    0.6397057617067966,
    0.6304969874974492,
    0.6118356019014883,
    0.5906024641172113,
    0.5989118750803477,
    0.5928167755012617,
    0.5598831226455419,
    0.5370921064462584,
    0.5370381624237394,
    0.5088272143124885,
    0.5052490977565339,
    0.5108464950761613,
    0.4951719316702123,
    0.4641474655278697,
    0.4615665612168793,
    0.4544942984788879,
    0.42934542757938604,
    0.46508396337727437,
    0.48419819034087885,
    0.42970647155751324,
    0.411090423463151,
    0.4040949675140329
  ],
  "val_loss": [
    0.6902763290169799,
    0.6884919630156623,
    0.6902079379117048,
    0.6901427336681036,
    0.6910223516417139,
    0.6979657346819654,
    0.7056114866409773,
    0.7123221263473416,
    0.7236045448868363,
    0.7328335728174374,
    0.759937514346323,
    0.7658069667992768,
    0.8396280200393111,
    0.812790114644133,
    0.8505595029136281,
    0.9004170233820692,
    0.885227499331957,
    0.9680299224676909,
    1.0057479159331617,
    1.031180551022659,
    1.0292167476665826,
    1.0793792562720217,
    1.1067313606356397,
    1.1517211175259248,
    1.2007170406388648,
    1.1421904062047417,
    1.156593923215513,
    1.2419776132077347,
    1.2335615626087895,
    1.251265542153959
  ],
  "train_acc": [
    0.5155313351498637,
    0.5291553133514987,
    0.5318801089918256,
    0.5340599455040872,
    0.5438692098092643,
    0.5760217983651226,
    0.5896457765667575,
    0.615258855585831,
    0.6168937329700273,
    0.6561307901907357,
    0.6517711171662125,
    0.6817438692098092,
    0.6877384196185287,
    0.6986376021798365,
    0.71716621253406,
    0.7373297002724796,
    0.7231607629427793,
    0.755858310626703,
    0.7678474114441417,
    0.7509536784741144,
    0.7634877384196185,
    0.7836512261580382,
    0.784741144414169,
    0.7907356948228883,
    0.8059945504087194,
    0.776566757493188,
    0.7596730245231608,
    0.8016348773841961,
    0.8119891008174387,
    0.8228882833787466
  ],
  "val_acc": [
    0.5518518518518518,
    0.571604938271605,
    0.5567901234567901,
    0.5518518518518518,
    0.519753086419753,
    0.5123456790123457,
    0.49506172839506174,
    0.519753086419753,
    0.5209876543209877,
    0.49876543209876545,
    0.49382716049382713,
    0.49135802469135803,
    0.4604938271604938,
    0.48271604938271606,
    0.4679012345679012,
    0.4679012345679012,
    0.4666666666666667,
    0.45185185185185184,
    0.4679012345679012,
    0.4728395061728395,
    0.454320987654321,
    0.45555555555555555,
    0.4666666666666667,
    0.4654320987654321,
    0.4691358024691358,
    0.4876543209876543,
    0.48148148148148145,
    0.4703703703703704,
    0.4728395061728395,
    0.49506172839506174
  ]
}