{
  "epoch": [
    1,
    2,
    3,
    4,
    5,
    6,
    7,
    8,
    9,
    10,
    11,
    12,
    13,
    14,
    15,
    16,
    17,
    18,
    19,
    20,
    21,
    22,
    23,
    24,
    25,
    26,
    27,
    28,
    29,
    30
  ],
  "train_loss": [
    0.687595447012774,
    0.6809429237238392,
    0.6785809511709603,
    0.6753232950410661,
    0.6714465570709686,
    0.6667698297578567,
    0.6610365779263447,
    0.6521297533440655,
    0.64507196547225,
    0.6334065226183275,
    0.6187835856094672,
    0.6046676688688003,
    0.6216484915657979,
    0.6118888039679878,
    0.5947944738559567,
    0.5778915855475277,
    0.5614027095750502,
    0.555511428907067,
    0.5454069026484476,
    0.5731835080102614,
    0.5686260674240153,
    0.5438285890651984,
    0.5218163549737644,
    0.5098984286310887,
    0.5031031546053509,
    0.4998066516273353,
    0.498876571168042,
    0.48676712980712145,
    0.5046597984571223,
    0.4800063599357813
  ],
  "val_loss": [
    0.6918647459995599,
    0.6950521302811894,
    0.6937862920172421,
    0.6956822624912968,
    0.6972395006521248,
    0.7009776225796452,
    0.7008327061747327,
    0.7023069848248988,
    0.7186985413233439,
    0.7304208793757875,
    0.7421247597093935,
    0.7599376076533471,
    0.7314059004371549,
    0.7596915486418171,
    0.7595267042701627,
    0.7493903928332859,
    0.7569309434773009,
    0.7720770844706782,
    0.8355724155167003,
    0.7489585574762321,
    0.7591253558794657,
    0.777325940573657,
    0.8012017810786212,
    0.8303590686232956,
    0.8336691201469044,
    0.8705188484839451,
    0.8832587486431922,
    0.9193114948861393,
    0.9250557759661734,
    0.956052875077283
  ],
  "train_acc": [
    0.555858310626703,
    0.55858310626703,
    0.5613079019073569,
    0.5694822888283378,
    0.5760217983651226,
    0.5923705722070844,
    0.6,
    0.6119891008174387,
    0.6196185286103543,
    0.6337874659400545,
    0.6463215258855586,
    0.6632152588555859,
    0.6299727520435967,
    0.6544959128065395,
    0.6681198910081744,
    0.6811989100817438,
    0.6942779291553134,
    0.7008174386920981,
    0.7111716621253406,
    0.6899182561307902,
    0.6986376021798365,
    0.7100817438692099,
    0.729700272479564,
    0.7362397820163488,
    0.7346049046321526,
    0.7422343324250681,
    0.737874659400545,
    0.7465940054495913,
    0.7416893732970027,
    0.7569482288828338
  ],
  "val_acc": [
    0.5,
    0.49382716049382713,
    0.4925925925925926,
    0.5,
    0.4888888888888889,
    0.49753086419753084,
    0.5148148148148148,
    0.5234567901234568,
    0.5160493827160494,
    0.4962962962962963,
    0.5148148148148148,
    0.4765432098765432,
    0.5419753086419753,
    0.5234567901234568,
    0.5395061728395062,
    0.5395061728395062,
    0.5358024691358024,
    0.5259259259259259,
    0.5333333333333333,
    0.5617283950617284,
    0.5148148148148148,
    0.519753086419753,
    0.5370370370370371,
    0.5345679012345679,
    0.5296296296296297,
    0.5271604938271605,
    0.5209876543209877,
    0.5432098765432098,
    0.5246913580246914,
    0.5012345679012346
  ]
}