{
  "epoch": [
    1,
    2,
    3,
    4,
    5,
    6,
    7,
    8,
    9,
    10,
    11,
    12,
    13,
    14,
    15,
    16,
    17,
    18,
    19,
    20,
    21,
    22,
    23,
    24,
    25,
    26,
    27,
    28,
    29,
    30
  ],
  "train_loss": [
    0.6875650828475848,
    0.6819769093386159,
    0.6789848619001113,
    0.6757503630030057,
    0.6719752408178365,
    0.6672169658728452,
    0.6570077975049655,
    0.6451659764515931,
    0.6308396324799561,
    0.6208342222816613,
    0.6103031030142989,
    0.5932859759889442,
    0.5722372948960972,
    0.5613701468267622,
    0.5432150318447185,
    0.5417110012402652,
    0.5258986117729374,
    0.5077968639638833,
    0.4865102344702635,
    0.4778118084172137,
    0.4666907527141415,
    0.4620497363464709,
    0.4602190301431297,
    0.4361312910386587,
    0.4166536436418746,
    0.40387119218828893,
    0.4024917308088869,
    0.38489613255298105,
    0.3950904405409374,
    0.3749093112893585
  ],
  "val_loss": [
    0.6744010364567792,
    0.6775628089904785,
    0.6786114488118961,
    0.6885746530544611,
    0.6971097610614918,
    0.7013082642614106,
    0.7316972472049572,
    0.7525168901608315,
    0.7694167385866613,
    0.777140920839192,
    0.771543339299567,
    0.8539546778172622,
    0.8456487361295724,
    0.8719582510583195,
    0.8807853021739441,
    0.8711888169064934,
    0.9595648288726807,
    0.8912610307151889,
    0.9741183448720862,
    0.9373228835470883,
    0.9897056270528722,
    0.969466295654391,
    0.9965250995424059,
    1.0211620925385274,
    1.0661573042104273,
    1.0174947882875984,
    1.1141873709949446,
    1.1015722889959076,
    1.1580838586077278,
    1.118726639100063
  ],
  "train_acc": [
    0.5367847411444142,
    0.5498637602179837,
    0.5569482288828338,
    0.5542234332425068,
    0.5727520435967303,
    0.5771117166212534,
    0.5863760217983651,
    0.6076294277929155,
    0.6310626702997275,
    0.6446866485013624,
    0.6561307901907357,
    0.6784741144414169,
    0.6926430517711172,
    0.7029972752043597,
    0.7084468664850136,
    0.7193460490463215,
    0.726975476839237,
    0.7384196185286104,
    0.7591280653950954,
    0.7607629427792916,
    0.7683923705722071,
    0.7749318801089918,
    0.7716621253405994,
    0.7907356948228883,
    0.8070844686648502,
    0.8152588555858311,
    0.8152588555858311,
    0.8250681198910081,
    0.8163487738419618,
    0.8332425068119891
  ],
  "val_acc": [
    0.5851851851851851,
    0.5839506172839506,
    0.5851851851851851,
    0.5864197530864198,
    0.5728395061728395,
    0.5530864197530864,
    0.5407407407407407,
    0.5271604938271605,
    0.5580246913580247,
    0.48641975308641977,
    0.5061728395061729,
    0.5382716049382716,
    0.5061728395061729,
    0.5246913580246914,
    0.4962962962962963,
    0.508641975308642,
    0.5382716049382716,
    0.5679012345679012,
    0.508641975308642,
    0.5209876543209877,
    0.49506172839506174,
    0.5271604938271605,
    0.5049382716049383,
    0.5222222222222223,
    0.5246913580246914,
    0.5271604938271605,
    0.508641975308642,
    0.5185185185185185,
    0.48641975308641977,
    0.5234567901234568
  ]
}