{
  "Sharpe": -0.5047049200298365,
  "FinalEquity": 7.90340082728917e-09
}