{
  "Sharpe": -0.5015580761060453,
  "FinalEquity": 8.148444190254106e-09
}