{
  "Sharpe": -0.49841127880163216,
  "FinalEquity": 8.40107135606236e-09
}