{
  "Sharpe": -0.5078518104409435,
  "FinalEquity": 7.665713990400315e-09
}