{
  "Sharpe": -0.5141457301968118,
  "FinalEquity": 7.211534582708489e-09
}