{
  "Sharpe": -0.5267341217443451,
  "FinalEquity": 6.382184181370178e-09
}