{
  "Sharpe": -0.49526452824864264,
  "FinalEquity": 8.661516610406448e-09
}